{"meta": {"version": "5.0.4", "timestamp": "2020-04-02T18:52:32.536349", "branch_coverage": false, "show_contexts": false}, "files": {"course/__init__.py": {"executed_lines": [1], "summary": {"covered_lines": 0, "num_statements": 0, "percent_covered": 100.0, "missing_lines": 0, "excluded_lines": 0}, "missing_lines": [], "excluded_lines": []}, "course/admin.py": {"executed_lines": [1, 2, 3, 4, 5, 6, 7, 9, 10, 11, 12, 13, 14, 17, 18, 19, 20, 21, 26, 27, 28, 29, 30, 36, 37, 38, 41, 42, 43, 44, 45, 53, 54, 55, 56, 57, 58, 65, 66, 67, 68, 71, 72, 73, 74, 77, 78, 81, 82, 83, 86, 87, 88, 89, 90, 95, 96, 97, 98, 99, 102, 105, 106, 107, 108, 109, 110, 112, 119, 120, 121, 122, 123, 128, 129, 130, 132, 137, 145, 146, 147, 149, 157, 165, 166, 167, 168, 169, 170, 172, 177, 178, 179, 180, 181, 188, 189, 190, 191, 194, 197, 200, 201, 202], "summary": {"covered_lines": 104, "num_statements": 124, "percent_covered": 83.87096774193549, "missing_lines": 20, "excluded_lines": 0}, "missing_lines": [59, 60, 61, 113, 114, 115, 133, 138, 139, 141, 142, 150, 151, 153, 158, 159, 161, 162, 173, 174], "excluded_lines": []}, "course/apps.py": {"executed_lines": [], "summary": {"covered_lines": 0, "num_statements": 3, "percent_covered": 0.0, "missing_lines": 3, "excluded_lines": 0}, "missing_lines": [1, 4, 5], "excluded_lines": []}, "course/management/commands/exportcourse.py": {"executed_lines": [1, 2, 3, 5, 6, 7, 8, 10, 11, 12, 13, 16, 17, 18, 19, 22, 23, 26, 27, 29, 30, 32, 33, 34, 35, 36, 37, 38, 41, 42, 43, 57, 58, 61, 62, 63, 64, 68, 69, 74, 75, 78, 79, 110, 111, 112, 113, 133, 134, 148, 149, 163, 164, 165, 166, 169, 171, 172, 175, 176, 177, 178, 179, 180, 181, 182, 183, 184, 185, 187, 188, 189, 190, 191, 192, 193, 194, 195, 196, 198, 199], "summary": {"covered_lines": 81, "num_statements": 81, "percent_covered": 100.0, "missing_lines": 0, "excluded_lines": 0}, "missing_lines": [], "excluded_lines": []}, "course/models.py": {"executed_lines": [1, 2, 3, 4, 6, 9, 10, 13, 14, 15, 17, 21, 22, 23, 24, 25, 26, 27, 28, 31, 32, 33, 34, 36, 39, 40, 41, 42, 45, 46, 47, 49, 56, 63, 67, 68, 69, 72, 73, 74, 76, 77, 79, 80, 81, 82, 85, 86, 87, 88, 90, 91, 93, 94, 95, 98, 99, 100, 101, 103, 104, 106, 107, 108, 109, 110, 111], "summary": {"covered_lines": 67, "num_statements": 81, "percent_covered": 82.71604938271605, "missing_lines": 14, "excluded_lines": 0}, "missing_lines": [18, 19, 37, 50, 51, 52, 53, 54, 57, 58, 60, 61, 64, 65], "excluded_lines": []}, "course/test_exportcourse.py": {"executed_lines": [1, 2, 3, 4, 5, 6, 8, 9, 12, 13, 14, 16, 17, 18, 19, 21, 22, 23, 25, 26, 27, 30, 31, 32, 34, 35, 36, 37, 39, 40, 41, 42, 44, 45, 46, 47, 49, 50, 51, 52], "summary": {"covered_lines": 40, "num_statements": 40, "percent_covered": 100.0, "missing_lines": 0, "excluded_lines": 0}, "missing_lines": [], "excluded_lines": []}, "course/test_utils.py": {"executed_lines": [1, 2, 5, 6, 7, 9, 10, 12, 13, 15, 16, 18, 19], "summary": {"covered_lines": 13, "num_statements": 13, "percent_covered": 100.0, "missing_lines": 0, "excluded_lines": 0}, "missing_lines": [], "excluded_lines": []}, "course/tests/__init__.py": {"executed_lines": [1], "summary": {"covered_lines": 0, "num_statements": 0, "percent_covered": 100.0, "missing_lines": 0, "excluded_lines": 0}, "missing_lines": [], "excluded_lines": []}, "course/utils.py": {"executed_lines": [1, 3, 4, 7, 8], "summary": {"covered_lines": 5, "num_statements": 5, "percent_covered": 100.0, "missing_lines": 0, "excluded_lines": 0}, "missing_lines": [], "excluded_lines": []}, "course/views.py": {"executed_lines": [], "summary": {"covered_lines": 0, "num_statements": 1, "percent_covered": 0.0, "missing_lines": 1, "excluded_lines": 0}, "missing_lines": [1], "excluded_lines": []}}, "totals": {"covered_lines": 310, "num_statements": 348, "percent_covered": 89.08045977011494, "missing_lines": 38, "excluded_lines": 0}}